{
  "project_info": {
    "project_number": "777847445732",
    "project_id": "audio-recorder-de046",
    "storage_bucket": "audio-recorder-de046.appspot.com"
  },
  "client": [
    {
      "client_info": {
        "mobilesdk_app_id": "1:777847445732:android:c4d05f7bb1e429cc78b4f1",
        "android_client_info": {
          "package_name": "com.voice.recorder.voicechanger.voicerecorder.soundeffects"
        }
      },
      "oauth_client": [],
      "api_key": [
        {
          "current_key": "AIzaSyD8izdNEgPHkLl_5fcv4oh-PC9czwTDYZc"
        }
      ],
      "services": {
        "appinvite_service": {
          "other_platform_oauth_client": []
        }
      }
    }
  ],
  "configuration_version": "1"
}